{"cameraMode":{"drawMode":0,"name":"Shaded","section":"Shading Mode"},"sceneLighting":false,"audioPlay":false,"sceneViewState":{"showFog":false,"showMaterialUpdate":false,"showSkybox":false,"showFlares":false,"showImageEffects":false,"showParticleSystems":false},"in2DMode":false,"pivot":{"x":204.00999450683595,"y":385.9599914550781,"z":0.0},"rotation":{"x":-0.0827145054936409,"y":0.0011484840651974083,"z":-0.00008981289283838123,"w":-0.9965726733207703},"size":2.8578836917877199,"orthographic":false}